Episode,Steps,Total Reward,Epsilon,TD Error
0,1,-0.75,0.997,0.0
1,4,-0.57,0.994009,0.0
2,10,-0.87,0.991026973,0.0
3,2,-0.72,0.988053892081,0.0
4,4,-0.57,0.985089730404757,0.0
5,5,-0.93,0.9821344612135428,0.0
6,1,-0.75,0.9791880578299021,0.0
7,3,-0.84,0.9762504936564125,0.0
